developer,pos,neg
10tons ltd,1,0
11 bit studios,20,26
14° east,1,0
16bit nights,0,1
17-bit,1,0
1c company,1,1
1c-avalon,2,0
1c-softclub,2,0
1c: maddox games,8,0
1c:inoco,2,1
22cans,2,0
2d boy,3,0
2darray,1,0
2dengine.com,1,0
"2k australia,gearbox software,aspyr (mac &amp; linux)",41,9
"2k australia,gearbox software,aspyr (mac and linux)",0,3
"2k boston,2k australia",43,5
"2k boston,2k australia,blind squirrel,feral interactive (mac)",6,0
"2k czech,feral interactive (mac)",14,3
2k marin,8,2
"2k marin,2k china,digital extremes,2k australia,feral interactive (mac)",11,1
2play,7,0
2x2 games,1,0
3 sprockets,5,0
"343 industries,vanguard games",2,0
3909,45,11
3d realms (apogee software),2,0
3f interactive,2,0
4 i lab,4,0
48h studio,1,0
4a games,19,2
5 bits games,2,0
5 lives studios,1,0
5wolf,2,4
5th cell media,27,2
773,1,0
777 studios,2,1
8-bit studio,0,1
800 north and digital ranch,16,10
8888888 labs,1,1
88mm,1,0
8monkey labs,1,0
9heads game studios,8,3
@unepic_fran,3,1
a jolly corpse,1,0
ace maddox,1,0
ace team,6,4
acquire corp.,7,0
agc,1,1
alice in dissonance,4,0
amplitude studios,26,7
abbey games,10,0
above and beyond technologies,1,0
abrakam sa,2,0
abstract tree studio,0,1
abstraction games,1,1
"abstraction games,wayforward",0,1
"acceleroto, inc.",1,0
access games,1,0
acid nerve,2,2
actalogic,1,2
adam foster,4,0
aeon dream studios,1,0
afterthought llc,4,0
airtight games,6,3
aivaras klimas,1,0
akakiy petrushkin,1,0
"akella,.dat",1,0
"alpixel games,luis diaz,gustavo santos,albert fernandez,tice thomason",4,0
alan edwardes,18,3
alan zucconi,1,0
alawar,2,0
alawar entertainment,1,0
aleksey abramenko,2,0
alexander bruce,34,2
alice &amp; smith,1,0
alien sync interactive,1,0
alientrap,6,2
allen dayan,1,0
almost human games,3,3
alternative software ltd,1,0
amanita design,6,0
"amaranth games, llc",0,1
anarchy enterprises,1,0
andrew gilmour,1,1
"andrewmd5,codeusa",2,0
andrii vintsevych,7,2
andy wallace,1,0
angry mob games,0,1
animu game,1,0
anisoptera games,3,2
ankama studio,5,0
anothink,1,1
"antanas marcelionis,renė petrulienė",1,0
antonio renna,1,0
anvate games,0,1
aperture tag team,8,1
aquiris game studio,2,0
arachnid games,2,0
aratog llc,1,0
arc system works,7,0
"arcen games, llc",5,0
archive entertainment,18,3
arkane studios,71,14
arkavi studios,1,0
arkedo,2,0
armature studio,0,1
arrowhead game studio,55,8
artefacts studio,1,0
artery games,3,1
artifex mundi,1,1
artifice studio,2,1
ascaron,1,1
ascaron entertainment ltd.,1,1
ascension entertainment llc,2,0
aspyr,2,0
aspyr studios,4,3
"aspyr,quantic dream (original release)",0,1
atapki,1,0
atelier 801,14,1
atomictorch studio,1,0
atum software,1,0
atypical games,1,0
aurelien regard,1,0
austin handle,1,0
"autobotika,game nation inc",1,0
avalanche software,0,1
avalanche studios,169,42
"avalanche studios,feral interactive (maclinux)",26,8
avidly wild games,1,2
awesome games studio,37,6
awesomeblade,1,0
axis game factory,3,0
axis game factory llc,4,0
axolot games,10,1
bandai namco studio inc.,5,2
brhp,1,0
bugbear,2,0
back to basics gaming,2,0
bacon wrapped games,1,0
"badfly interactive, a.s.",2,2
badland studio,3,0
baggy cat ltd,4,0
baller industries,1,0
bankroll studios,7,4
bare mettle entertainment,0,1
basaltic studio,2,0
"bat country games, llc",2,0
batholith entertainment,1,0
"batterystaple games,fire hose games",2,0
battlegoat studios,1,0
beam team games,34,16
beamng,6,2
beamdog,4,2
beautifun games,1,0
bedlam games,0,1
beenox,1,0
behold studios,3,1
"ben 'yahtzee' croshaw,collected worlds",1,0
ben prunty music,1,0
benjamin bryant,1,0
benjamin rivers inc.,3,1
best gaem studio,1,0
best way,2,2
betadwarf,1,2
bethesda game studios,208,60
biart company llc,1,0
big ant studios,6,0
big corporation,5,1
big fat alien,1,2
big fat simulations inc.,1,0
big finish games,1,0
"big huge games,38 studios",9,3
big robot ltd,11,2
bigant studios,1,0
binary fortress software,1,0
"binary zoo,the game creators",2,1
bioware,42,2
bioware corporation,1,0
"bioware,aspyr (mac)",14,4
bitfinity,1,0
"bitmonster, inc.",9,0
bitbox ltd.,22,2
bithell games,15,4
"bitl,cobalt-57",0,1
bizarre creations,1,0
black death apps limited,1,0
black element,2,0
black eye games,2,0
black forest games,1,0
black isle studios,5,1
black lion studios,0,1
black pants studio,7,0
black sea studios ltd,1,1
black shell games,2,1
blackspot entertainment,1,0
blackbird interactive,2,0
blackfire games,0,1
blackhole,2,2
blacklight interactive,8,1
blackpowder games,1,0
blankmediagames,21,10
blazing griffin,1,0
blender foundation,3,2
blendo games,6,1
blind sky studios,4,0
blinkworks media,3,0
blit software,3,2
bloober team sa,4,1
blooming buds studio,1,0
blue bottle games,5,5
blue byte,6,3
"blue byte,related designs",1,0
blue isle studios,5,4
blue mammoth games,48,5
blue manchu,5,0
blue tea games,1,0
blueeagle productions,0,1
bluegiant interactive,2,0
blueline games,2,1
bluebutton games,7,0
bluehole ginno games,2,0
"bluehole, inc.",25,4
bob the game development bot,2,0
bohemia interactive,545,188
bombservice,0,1
boneloaf,15,5
bongfish gmbh,0,1
"boolat games,alawar entertainment",2,0
boomzap entertainment,1,0
born ready games,1,0
born ready games ltd.,5,1
boss baddie,1,1
bossa studios,51,20
brace yourself games,10,3
brain bombers,0,1
brainbox software,1,0
brainchild,1,0
brawsome,2,0
breakfall,3,3
brian cronin,2,0
brightrock games,4,1
brilliant skies ltd.,6,1
broken rules,1,2
bromoco games,1,0
brytenwalda,2,0
bugbear,20,2
bugbear entertainment,7,2
bugbyte ltd.,1,0
bulbware,1,0
bumpkinbrothers,1,0
burstray games,1,0
burut ct,1,0
butterscotch shenanigans,3,0
bytebin,3,1
c3sk,3,0
capcom,0,1
"capcom co., ltd.",8,6
"cave interactive co.,ltd.",1,0
cccp,2,0
ccp,7,2
cd projekt red,34,6
"cd projekt red,can explode",1,0
ci games,5,1
"ci games,deck 13",5,2
"cinemax, s.r.o.",1,1
cm softworks,1,0
"crazydiamond co., ltd.",2,1
csr-studios,5,1
cadence games,1,1
cadenza interactive,2,0
camouflaj,1,0
campo santo,38,4
camshaft software,4,0
capcom,48,14
capcom game studio vancouver,10,4
capcom vancouver,2,5
cape copenhagen,0,1
capybara games,1,0
"capybara,superbrothers,jim guthrie",2,0
carbine studios,7,0
carbon games,36,3
cardboard keep,1,0
carlsen games,5,0
carmine t. guida,2,0
cauldron,2,0
cavedog entertainment,3,0
cellar door games,32,2
celsius game studios,1,0
centauri production,0,1
"chad close,kyle weik",1,0
chasing carrots,0,1
cherry pop games,5,1
childish things,1,0
choice provisions,1,0
choice of games,8,0
chondrite games,1,0
chris sawyer productions,4,0
chucklefish,220,14
cipher prime studios,1,0
"circle five studios,pub games",3,3
city interactive,9,3
civilsavages,0,1
clapfoot,1,0
clever endeavour games,2,0
clickgames,0,1
clickteam,3,0
"cliffhanger productions,catalyst games lab",1,0
climax studios,4,0
clockstone,2,0
cloud 9 studio,1,0
"cloudcade, inc.",1,0
coaguco industries,1,0
cobra mobile,1,0
cockroach inc.,1,0
cococucumber,1,1
code club ab,0,1
codebrush games,15,5
codemasters,3,1
codemasters action studio,1,0
codemasters birmingham,1,0
codemasters digital,1,0
"codemasters racing,feral interactive (mac)",12,1
"codemasters racing,feral interactive (mac),feral interactive (linux)",6,0
codemasters studios,2,1
"codemasters,feral interactive (linux)",3,1
"codemasters,feral interactive (mac)",2,0
codename entertainment inc.,2,0
code}{atch,30,10
coffee stain studios,157,39
cold beam games,10,2
colibri games,2,0
colonthree enterprises,0,1
colossal order ltd.,51,11
"comcept,inti creates",0,1
comipo! llp,0,1
compulsion games,5,1
concernedape,43,5
convoy games,2,0
core design,3,1
coredumping,3,0
"coreplay gmbh,bigmoon studios",1,1
corrosive studios llc,1,0
cosmic cow llc,3,2
counterplay games inc.,3,0
crackshell,5,1
crankshaft games,0,1
crate entertainment,9,1
crazy moo games,1,0
crazy viking studios,1,2
"crespirit,gemayue",2,0
creability,9,0
creat studio,1,0
creative assembly,69,23
"creative assembly, pc port - hardlight",0,2
"creative assembly,feral interactive (linux),feral interactive (mac)",20,11
"creative assembly,feral interactive (mac),feral interactive (linux)",27,11
creativeforge games,3,0
"crescent moon games,cinopt studios",1,0
crian soft,0,1
criterion games,32,6
critical studio,2,1
croteam,20,2
"croteam,alligator pit",1,0
crowbar collective,14,2
crows crows crows,13,2
cryptic sea,1,0
cryptic studios,49,4
crystal dynamics,2,1
"crystal dynamics,feral interactive (mac)",1,0
"crystal dynamics,feral interactive (mac),feral interactive (linux)",98,7
crystal shard,1,0
crytek,55,27
crytek studios,10,0
"curve digital,futurlab",1,0
curve studios,1,1
cyan worlds,0,1
cyanide,1,0
cyanide montreal,1,1
cyanide studio,7,5
cyanide studio - spiders studios,1,0
cyberconnect2 co. ltd.,23,5
cyberdreams,1,0
cyberlore,1,0
cybertime system,4,0
d-pad studio,3,0
deadfactory,1,0
devgru-p,3,0
dice,60,16
dimps,20,3
dl softworks,4,1
dontnod entertainment,11,0
"dontnod entertainment,feral interactive (mac),feral interactive (linux)",114,15
dr studios,1,3
daedalic entertainment,8,2
dambuster studios,1,0
"damian sommer,emily carroll",2,0
"dan  walters,ceri williams",1,1
dan fornace,7,1
dan walters,1,0
dancing dragon games,2,0
daniel davies,2,0
daniel jonathan bourke,2,0
daniel mullins games,7,1
"daniel snd,thiago adamo",0,1
dark day interactive,2,0
dark energy digital ltd.,2,2
darkelite,2,0
data realms,6,4
david mulder,1,0
david oreilly,26,2
david stark,3,0
david szymanski,4,1
david williamson,1,0
dawid bujak,1,0
day 1 studios,4,4
daybreak game  company,220,28
days of wonder,1,0
dexp,1,0
dead mage,0,1
dead shark triplepunch,4,1
deck13,1,0
deck13 hamburg,2,0
deconstructeam,1,0
deep red limited,2,1
deep silver volition,104,13
"deep silver volition,high voltage software",8,4
deepred,1,0
defence alliance team,2,0
defiant development,8,0
"dejobaan games, llc",7,0
dekovir entertainment,2,1
demiurge studios,7,0
dennaton games,69,26
denver productions,1,0
desert owl games llc,1,0
destructive creations,2,0
devespresso games,1,0
devil's details,11,2
dharker studio,2,0
diezelpower,3,1
digerati distribution,3,1
diggerworld ltd.,3,0
digital arrow,1,0
digital confectioners,30,2
digital dawn studios,1,1
digital extremes,297,37
digital happiness,1,0
digital leisure inc.,0,3
digital melody,3,0
digital tentacle,1,0
digitalmindsoft,17,6
diminished studios,1,1
dimmdrive inc.,1,0
dingaling,5,2
dingo games,3,0
dinosaur polo club,13,0
dischan media,4,0
disney interactive,1,0
dns development,1,1
doctor entertainment ab,16,2
dodge roll,4,3
dominique grieshofer,7,0
doomster entertainment,1,0
dotemu,4,0
double action factory,19,5
double damage games,2,0
"double eleven,q-games ltd.",1,0
double fine productions,52,6
double helix games,1,0
"double helix games,capcom",0,1
"double helix games,rainbow studios,thq nordic",4,1
doublebear productions,2,1
doubledutch games,41,5
doublesix games,1,0
dovetail games,20,4
dragonfly,17,2
dreadbit,1,0
dream reactor,1,0
dreampainters,1,0
drinkbox studios,10,0
drixy games,1,0
dry cactus,3,0
ductape studio,0,1
duelboot,1,0
dylan fitterer,32,3
ea - maxis,2,1
"ea - maxis,aspyr (mac)",3,1
ea black box,1,0
ea los angeles,14,1
ea redwood shores,5,4
evga,1,0
exe-create,1,0
eagle dynamics sa,1,0
easy game station,10,1
easyanticheat ltd,3,0
eat create sleep,1,1
ed key and david kanaga,6,0
edelweiss,0,1
eden industries,3,0
eden studios,5,0
edge case games ltd.,18,4
edge of reality,160,41
edmund mcmillen and florian himsl,97,23
"edmund mcmillen, florian himsl",3,0
"edmund mcmillen,james id",1,0
"edmund mcmillen,tyler glaiel",1,0
eforb,6,1
egamea game studios,1,0
eggcode,3,0
eggtooth team,0,1
egosoft,10,5
eidos interactive,0,1
"eidos montreal,feral interactive (linux),feral interactive (mac)",12,1
"eidos montreal,feral interactive (mac)",26,11
eidos studio hungary,2,0
eightyeightgames,3,2
eko software,20,0
ekuator games,1,0
elder games,1,0
elecorn,9,1
electronic arts,6,1
eleon game studios,6,1
"elias viglione,jussi kukkonen",10,1
elijah newman-gomez,9,1
elite games team,1,0
elixir studios,2,1
elliptic games,3,0
emmanuel salva cruz,1,0
empty clip studios,1,0
endless loop studios,1,1
endnight games ltd,123,29
ensemble studios,21,4
entheogen studios llc,0,1
entity medialab,1,0
entrada interactive llc,12,4
"epic games, inc.",6,2
epiphany games,1,0
eren aydın,0,1
"eric chahi,dotemu",1,0
"eric hartman,ben garney,anthony rotondo",6,3
eric provan - ayyo games,0,1
erik asmussen,8,1
ethrea dreams,1,0
eugen systems,23,5
eurocom,1,0
everything unlimited ltd.,25,8
evgenii gubanov,1,0
"evgeny shcherbakov,denis ovsyannikov",1,0
evil tortilla games,6,6
evil twin artworks,1,0
exdream gmbh,2,0
exato game studios,4,1
excalibur,1,0
exe games inc.,6,3
exor studios,0,1
"expansive worlds,avalanche studios",44,19
extend studio,2,0
extrokold games,0,1
eyebrow interactive,2,0
eyedentity games inc.,15,0
eyemobi ltd.,2,0
eyzi,7,3
five-bn games,1,0
"fix korea, co.ltd,fix games, co. ltd",42,18
foam entertainment,1,0
french-bread,1,0
fabio ferrara,3,5
"fabio ferrara,davide caio,nicolò azzolini,antonio carcagnì,luigi di guida,tommaso vita",19,7
"fabio ferrara,giulia airoldi",2,1
facepunch studios,1112,252
failbetter games,4,2
fallen snow studios,1,0
"fancy bytes, reactor",1,0
farsight studios,2,0
farsky interactive,8,0
fatshark,17,3
fayju,1,0
fermenter games,1,0
fervent,1,0
fictiorama studios,1,0
fiddlesticks games,1,0
"filip victor,valve",2,0
final boss entertainment,1,0
final form games,3,0
"finji,kittehface software",1,0
firaxis games,13,3
"firaxis games,aspyr (mac, linux)",215,34
"firaxis games,feral interactive (mac)",1,0
"firaxis games,feral interactive (mac),feral interactive (linux)",88,29
"firaxis,feral interactive (mac and linux)",2,1
firefly studios,16,10
firebase industries ltd.,1,0
firemint,1,0
fireproof games,2,0
fishcow studio,1,0
fishing cactus,1,0
fishing planet llc,5,2
fishlabs entertainment gmbh,1,1
fistful of frags team,55,9
fixpoint productions ltd.,2,0
"flashback games,the lordz games studio",1,0
flox studios ltd.,1,0
flyanvil,1,0
flying cafe for semianimals,1,0
flying helmet games,1,1
flying wild hog,26,10
flyleap studios,1,0
flyleap studios pty. ltd.,4,0
focus home interactive,2,1
forbes  consult ltd,1,0
force of habit,1,0
forever entertainment s. a.,3,1
"fortress forever development team,trepid studios",0,2
four quarters,2,0
fourbitfriday,0,1
freakzone games,1,2
freakinware limited,0,1
freakinware studios,10,3
fred wood,1,0
"free games info,hyperboreangames",1,0
free lives,45,11
free reign entertainment,9,5
freebird games,39,6
freegamer,0,1
freejam,177,41
freezenova,1,0
fresh3d,1,0
frictional games,26,16
frima studio,1,0
frogames,2,0
frogdice,1,1
frogshark,1,0
frogsong studios ab,1,0
frogwares,6,1
fromsoftware,54,49
"fromsoftware, inc",70,44
frontier developments,1,0
"frontier,aspyr (mac)",4,1
frontwing,2,0
frozenbyte,30,2
fugazo,0,1
full control,2,0
full control studios,4,0
fullbright,33,3
fun sponge games,1,0
funcom,6,4
"funselektor labs inc.,flippfly",4,0
furiously inactive games,1,0
futuremark,4,0
g2crew,1,2
"game arts co., ltd.,skybox labs",1,0
gdt limited,1,0
gsc game world,14,3
gtgd,1,0
gabbergames.com,1,0
gaijin entertainment,2,1
gaijin entertainment corporation,4,0
gaijin games,22,4
galactic cafe,59,9
galaxytrail,8,0
gambrinous,1,0
game dev castle,2,0
game distillery s.r.o.,1,0
game mechanics,1,2
game in a bottle,2,0
game-labs,2,1
gameart studio gmbh,2,0
"gameconnect,interwave studios",3,2
gamecrafterteam,0,1
gameore,2,0
gameprix,2,1
gameus inc,2,1
"gamebryo,virtual playground",1,0
gameguyz,1,1
gamepires,3,0
"games by robert, llc",1,0
gamious,1,0
ganz,2,2
gas powered games,28,2
"gaslamp games, inc.",4,3
gatling goat studios,1,0
"gearbox software,aspyr (mac &amp; linux)",286,39
gearbox software,49,7
"gearbox software,aspyr (mac)",5,2
geek sloth games,1,0
general arcade,1,0
genetix studio,1,0
geniaware srl,0,1
geoff keighley,2,0
ghost town games ltd.,2,0
ghostshark,7,3
giant army,5,1
giant squid,3,1
giants software,16,1
gl33k,2,0
glass knuckle games,2,0
glyphx games,0,1
going loud studios,14,1
goldhawk interactive,2,0
golemlabs,1,0
gone north games,11,0
good games,1,0
gravity interactive,4,2
"gravity, inc.",3,1
"gravvit ltd,forbes  consult ltd",1,0
gray matter studios,2,0
great war team,4,0
green lava studios,4,0
greenheart games,65,3
gremlin interactive,2,0
grey alien games,1,0
grey havens,62,11
grip games,2,1
"gromada,buka entertainment",1,0
grynsoft,3,1
"gunfire games,vigil games,thq nordic",1,0
guru games,0,1
"hanbitsoft, inc.,imc games co.,ltd.",1,0
he saw,1,0
haemimont games,35,1
halfbus,2,0
halycon media gmbh &amp; co. kg,1,0
hammer labs,2,0
hammerfall publishing,4,1
hanako games,8,5
handmade game,0,1
handyman studios,8,1
hardsuit labs,75,13
harebrained schemes,12,3
harvester games,2,0
"hassey enterprises, inc.",2,1
headup games  crenetic,0,2
headup games  radon labs,1,0
heart machine,3,2
heartbit interactive,1,0
hellbent games,1,1
hello games,98,39
hello there ab,6,1
hemisphere games,1,0
"henrique pegacha,rafael lima,nuno guerreiro",0,1
hesketh studios,4,0
hexage,2,0
heydeck games,1,1
hi-rez studios,73,9
hidden path entertainment,6,0
high impact games,1,0
hinterland studio inc.,26,7
hippomancer,1,0
hitbox team,5,0
hitcents,2,1
holotech studios,7,0
holy priest,13,1
"holy warp,black wing foundation",0,1
hoobalugalar_x,13,3
"hopoo games, llc",62,9
hosted games,3,0
hostel games,2,0
hothead games,1,2
house on fire,1,0
house of tales,1,0
housemarque,1,0
humble hearts llc,30,2
humongous entertainment,10,2
huniepot,25,3
hunted cow studios,3,0
hydravision entertainment,2,1
hyper hippo games,64,7
hypersloth,2,2
hypercane studios,0,1
hörberg productions,3,0
i fight bears,2,0
ice entertainment,7,2
"idea factory co., ltd.,compile heart co., ltd.,felistella co., ltd.",17,2
idhas studios,1,0
if studios,0,1
"imcgames co.,ltd.",9,3
imgn.pro,0,1
io interactive,4,2
"io interactive as,feral interactive (linux),feral interactive (mac)",15,2
ian campbell,6,2
ice water games,7,2
ice-pick lodge,2,1
"ice-pick lodge,general arcade",0,1
icetesy sprl,8,0
idea factory,7,1
"idea factory,compile heart",3,0
"idea factory,compile heart,felistella",4,1
"idea factory,compile heart,sting",0,1
"idea factory,compile heart,tamsoft",1,1
"idea factory,design factory",1,0
idigicon,1,1
idol fx,1,0
igry.ru,1,0
"iguana entertainment,nightdive studios",1,0
illfonic,1,0
illwinter game design,1,0
image &amp; form,3,0
incandescent games,1,0
inferno games,1,0
infinite interactive,2,0
infinite monkeys entertainment ltd.,1,0
infinity plus 2,2,0
infinity ward,38,25
"infinity ward,aspyr (mac)",55,8
ink stains games,0,1
innocent grey,1,0
ino-co,1,0
ino-co plus,2,0
instant kingdom,1,1
insurgency development team,1,1
interaction studios,1,0
interceptor entertainment,6,0
interdimensional games inc,1,0
interplay inc.,4,2
introversion software,63,24
invent4 entertainment,36,26
invertmouse,8,3
"invictus-games llc.,imagecode llc.",1,0
io-interactive as,4,6
"io-interactive as,feral interactive (linux),feral interactive (mac)",1,0
"io-interactive as,feral interactive (mac)",38,7
ion storm,12,4
ionfx,1,0
ionfx,1,0
iridium studios,6,0
"iron galaxy studios, llc",3,0
iron tower studio,1,1
"ironclad games,stardock entertainment",18,2
ironhide game studio,15,0
irrational games,1,0
"irrational games,aspyr (mac),virtual programming (linux)",164,16
"irrational games,looking glass studios",3,3
italic pig,1,0
ivan zanotti's mymadness works,3,0
ivory tower in collaboration with ubisoft reflections,9,1
jckslap,0,1
jdm4ik,11,1
jforce games,7,3
jiw-games,2,2
"jackbox games, inc.",5,0
jagex,1,0
jagex limited,66,16
"jagex,artplant",16,10
jarhead games,0,1
jason oda,1,0
jason rohrer,1,0
jasper byrne,1,1
jetcat games,1,0
"jetdogs studios,zoom out games",2,2
jimbob games,0,1
jowood vienna,0,1
johannes eski,4,0
john cullen,1,0
john wizard,1,0
jon gallant,2,0
jon sudbury games,1,0
jonathan wood,2,0
josh koenig (slashandz),1,0
joshua neurnberger,1,0
joycity,7,1
juicy beast studio,1,0
jujubee s.a.,1,0
jumpcore productions,2,0
"jumpstart games, inc.",3,3
"jundroo, llc",5,1
"jurlo,jetpackgone",1,1
"just add water (developments), ltd.",1,2
k bros games,1,0
kadokawa,5,1
kadokawa games  grasshopper manufacture,3,0
"kadokawa,yoji ojima",2,0
khb-soft,1,0
king art,1,0
kitatus studios,0,2
"koei tecmo games co., ltd.",9,8
kog,15,3
"kaos studios,digital extremes",4,0
katapult,0,1
katauri,3,1
katauri interactive,1,0
keen games,3,0
keen software house,9,3
keinart lobre,1,0
kerberos productions,1,0
kerberos productions inc.,3,0
kheops studio,1,0
kiddy,0,1
killhouse games,5,2
killmonday games ab,2,0
kinelco &amp; lone elk creative,4,0
kintogames,3,1
kitfox games,2,0
klace,0,1
klei entertainment,90,19
"klei entertainment,capybara games",6,2
kloonigames,1,0
knuckle cracker,2,1
"koboldgames,daedalic entertainment",1,0
koga tech limited,2,0
kojima productions,12,2
konami digital entertainment,29,8
konsordo,1,2
konstantin koshutin,2,1
krillbite studio,43,4
krome studios,3,1
kronosaur productions,1,0
kudosoft,3,0
kukouri,1,1
kumobius,1,0
kuno interactive,0,1
kyle seeley,72,26
kylotonn entertainment,1,0
ldc studios,1,0
lucky girls limited,1,0
lwna,3,0
lab zero games,32,10
lag studios,11,4
"lamina studios,mike studios",2,0
laminar research,3,0
landfall,5,0
landon podbielski,8,0
larian studios,8,3
last day of work,1,0
last limb llc,1,0
lavaboots studios,3,0
lazy 8 studios,2,0
lazy bear games,3,0
lazy bum games,1,0
lazy monday games,3,0
league of geeks,4,0
legend studio,1,0
lemondo entertainment,0,1
lemonsucker games,1,0
lesley dodd,1,0
lesta studio,0,2
"level up labs, llc",3,0
liar-soft,1,0
lightbulb crew,1,0
lighthouse games studio,2,0
lightmare studio,4,2
limasse five,1,0
limbic entertainment,1,3
lino slahuschek,12,1
"lion game lion,overkill - a starbreeze studio.",6,1
lion's shade,3,0
lionhead studios,15,4
lionheart creations,1,0
little big lee,1,0
little green man games,4,1
locomotivah,2,0
logic artists,1,0
lonely troops,3,0
looking glass studios,4,0
lord kres,3,3
loren lemcke,1,0
lost decade games,1,0
love conquers all games,4,1
lugus studios,3,1
lucasarts,21,2
"lucasarts,aspyr studios",2,4
lucasfim,1,0
"lucid games,aspyr (mac &amp; linux)",2,0
ludeon studios,11,1
ludosity,1,1
"ludosity,remar games",1,2
luke cripps,2,0
lukewarm media,14,3
lunar giant,1,0
"m2 co.,ltd",1,1
"m2h,blackmill games",54,20
mages. inc.,1,1
magix software gmbh,1,0
megafuzz,1,1
moonstone,1,0
mr-software gbr,5,0
mura interactive,2,1
machine 22,1,0
machine games,40,7
machinespirit,1,0
"maciej targoni,wojciech wasiak",9,2
mad otter games,5,1
madruga works,5,1
magic notion,1,0
magicaltimebean,1,0
malfador machinations,2,0
mana games,1,0
manic game studios,1,1
"manuel pazos,daniel celemín",1,0
marie ronnaux games,0,1
"mario von rickenbach,michael frei",8,1
martin ivanov,1,1
marvelous inc.,1,0
marxnet,1,0
"masangsoft, inc.",19,3
"massive damage, inc.",1,0
massive entertainment,19,9
masthead studios ltd,1,3
"matt kap,nicalis, inc.",0,1
matt roszak,6,0
matt thorson,2,0
matthew brown,8,1
maxime vézina,2,0
maxis™,18,1
mechanist games,3,1
"mediatonic,hato moa,the irregular corporation",5,2
"mediatonic,the irregular corporation",1,0
megadev,4,0
memetic games,2,0
mercurysteam,2,0
mercurysteam - climax studios,1,0
meridian4,2,1
messhof,15,2
meteoric games,1,0
michael flynn,1,0
michael todd games,9,3
"michael todd games,yazar media group llc",1,0
michael zahniser,4,1
michaela laws,4,0
"microprose software, inc",3,4
microblast games,12,5
microsoft game studios,10,3
"midboss, llc.",0,1
"midgar studio,fusty game",1,0
might and delight,9,5
mighty rabbit studios,3,0
"mighty rabbit studios,gun media",1,0
"mighty rabbit studios,gun.",3,0
mighty rocket studio,1,0
mihai morosanu,1,0
"milan kazarka,jeroen van oosten",2,0
milestone s.r.l.,6,0
milkstone studios,8,1
mimimi productions,2,0
minmax games ltd.,4,1
mindstorm studios,1,0
"mine loader software co., ltd.",11,2
miniboss,5,1
minor key games,17,2
minority media inc.,1,0
minskworks,2,0
mint age studios,3,1
mirillis,2,0
mirko seithe,1,0
misfits attic,1,0
"mithis games,thq nordic",1,0
mixamo,3,0
moacube,0,1
mobilebits,1,0
mode 7,7,0
modern dream,5,1
moenovel,3,0
mohawk games,4,0
mokus,1,0
moment studio,0,1
mommy's best games,2,0
monkeys tales studio,1,0
"monochrome, inc",24,9
monolith,1,2
monolith productions,1,0
"monolith productions, inc.",38,1
"monolith productions, inc.,feral interactive (mac),feral interactive (linux)",63,15
"monolith productions, inc.,timegate",3,2
monomi park,18,0
moon studios gmbh,27,1
moonlite software,1,0
moppin,2,1
mouldy toof studios,24,4
mountain sheep,1,0
mr. blue,4,0
muha games,1,0
murudai,5,0
muse games,51,10
muzzy lane software,2,0
myrtilus entertainment,1,0
mystic games,0,1
n3v games,4,0
namco,3,0
namco bandai games,0,2
nexon korea corp.,3,4
ngd studios,3,2
nigoro,0,1
nikita online,2,0
nabi studios,35,15
nacho games,0,1
nadeo,16,4
nate schmold,1,0
nauris amatnieks,1,0
ndemic creations,21,11
necrophone games,13,2
neko entertainment,1,0
neocoregames,1,1
neoclassic games,1,0
neocoregames,1,1
neople,1,0
nerd kingdom inc.,1,0
nerial,2,0
net games laboratory,2,1
netcore games,3,1
netherrealm studios,0,1
"netherrealm studios,high voltage software",37,16
netmarble games,1,0
neversoft,1,0
new world interactive,109,36
nexon,52,25
"nicalis, inc.",80,21
"nicalis, inc.,edmund mcmillen",11,3
nickervision studios,5,1
nicolas bernard,2,0
niffler ltd.,0,1
night node,6,0
night school studio,2,0
nihon falcom,5,0
nikita,1,0
nimbly games,3,0
"nina freeman,emmett butler,decky coss,joni kittaka",3,3
"nina freeman,laura knetzger,stephen lawrence clark",1,1
nine dots studio,1,0
ninja kiwi,7,1
ninja robot dinosaur,1,0
ninja theory,13,2
nival,2,2
no brakes games,1,0
no more room in hell team,103,31
"noah system,mgame",1,0
noble empire corp.,20,5
noio,3,0
"noio,licorice",9,2
nom nom games,4,0
nomad games,9,2
north of earth,3,0
"northway games,sarah northway",1,0
notgames,7,1
noumena studios,1,0
"nova dimension,naga entertainment",1,1
novalogic,1,0
novel tea games,1,0
"noviy disk,lesta studios inc",0,1
numantian games,1,0
number none,5,2
numinous games,1,1
nvizzio creations,4,1
nyamyam,1,0
occa studios,1,0
"ocr dev team,onur uça",2,0
overdrive,9,0
overkill - a starbreeze studio.,35,9
overkill software,60,10
obsidian entertainment,151,24
"obsidian entertainment,aspyr (mac, linux, &amp; windows update)",8,2
octoshark studios,5,1
oddworld inhabitants,22,2
odin game studio,7,0
offworld industries,16,9
ohnoo studio,1,0
old b1ood,2,0
old school games,4,1
"olde sküül,sculptured software",1,0
"oleg sergeev,andrey rumak,do my best",1,0
"olli harjola, otto hantula, tom jubert, carlo castellano",7,0
omniconnection,2,0
on the level game studios,1,0
onson soft,1,0
oovee® game studios,24,4
opus,5,0
"orangegames,youdagames",1,0
orange_juice,6,5
oreol,1,0
organic humans,1,1
orlyapps,3,0
oscar brittain,1,0
ostrich banditos,4,1
osumia games,5,4
other ocean interactive,1,0
outerlight ltd.,15,6
outerminds inc.,1,0
over the moon,6,3
over the top games,2,1
overhype studios,1,0
owl cave,0,1
owlchemy labs,3,1
oxeye game studio,2,0
oxide games,1,0
pixowl inc.,0,1
pixyul,1,0
pandemic studios,52,13
paradox development studio,102,26
passtech games,1,0
pathea games,6,0
paul bird,1,0
paul fisch,9,1
payload studios,4,4
peach pie productions,1,0
peacock dreams games,1,0
pencil test studios,1,0
pestoforce,1,1
peter brinson and kurosh valanejad,1,0
peter moorhead,1,0
petit depotto,1,0
petroglyph,7,1
phenomenon games,2,0
phigames,1,0
phoenix online studios,1,0
phosphor games studio,40,11
photon arena,1,0
phr00t's software,3,1
pigravity,3,2
pieces interactive,2,1
"pilgrim adventures,grabthegames studios",1,0
pillowpiggames,0,1
"pinokl games,kverta",3,1
pinterac,2,0
pipeworks studio,1,0
piranha bytes,4,1
piranha games inc.,2,1
"pirozhok studio,vitaliy ruzankin",1,0
pivotal games,1,0
pixbits,2,0
"pixel dash studios, eqgames",5,0
pixel federation,1,0
pixel ferrets,2,0
pixelfade inc,1,0
pixeltail games,7,0
pixeljam,1,1
platinumgames,18,4
playflock,1,0
playata gmbh,1,0
playdead,13,2
playsaurus,45,13
plazsoft,1,0
plethora-project llc,1,0
pocketwatch games,27,1
polar motion,1,0
polykid,1,0
polypusher studios,0,1
polytron corporation,23,2
"popcap games, inc.",11,5
"poptop software,breakaway games,frog city software",0,1
poppermost productions,20,3
portalarium,1,1
positech games,17,1
postmod softworks,2,0
power of 2,9,2
powerhoof,4,0
praxia entertainment inc,1,0
pribuni,1,0
primal,1,0
priority interrupt,5,0
prism game studios ltd.,17,3
projectorgames,3,3
proton studio inc,10,2
psychic software,1,1
"psyonix, inc.",137,28
puny human,10,1
puppygames,6,1
pwnee studios,1,0
pyro studios,3,4
qcf design,1,0
quicktequila,3,2
qooc software,1,0
quantic dream,1,0
quantized bit,1,0
question,1,0
quickfire games,2,0
remimory,1,0
rex,1,0
racing bros,3,1
"radial games corp,dejobaan games, llc",3,0
"radial games corp,loren bednar,dr. kimberly voll,lindsay jorgensen",3,1
radiant entertainment,7,0
radical entertainment,8,2
radical fish games,4,0
ragesquid,1,0
ragequit corporation,7,5
ragiva games e.k.,1,0
rail slave games,4,2
rain games,0,1
rainbow games,1,0
"rainbow studios,thq nordic",2,1
rake in grass,2,1
raptor claw games,2,0
ratloop asia,1,2
"raven software,aspyr (mac)",7,4
raven travel studios,1,0
raylight games,0,1
razorworks,3,0
re-logic,365,45
reactor zero,1,0
reakktor studios,4,2
reality pump,3,1
reality pump studios,2,2
realmforge studios,2,0
rebellion,80,19
recoil games,4,1
red abyss software,1,0
red barrels,34,23
red duck inc.,1,4
red dwarf games,4,0
red hook studios,15,15
red nettle studio,1,0
red storm entertainment,2,0
red team games,1,0
red thread games,3,0
"redlynx, in collaboration with  ubisoft shanghai, ubisoft kiev",4,0
redlynx,1,0
"redlynx ltd,ubisoft  shanghaï",5,1
redshift,1,0
redwood games,1,0
reflect studios,2,2
reflextions,1,0
reiza studios,3,1
relic,6,1
relic entertainment,27,4
"relic entertainment,feral interactive (mac),feral interactive (linux)",44,8
"relic entertainment,feral interactive (maclinux)",13,1
"relic entertainment,thq nordic",1,0
reloaded productions,69,17
remedy entertainment,20,6
renegade kid,1,0
reperio studios,1,1
replay studios,1,0
reto-moto,128,41
retro army limited,1,0
retro yeti games,2,1
retronic games,0,1
reverie world studios,5,1
revolution software ltd,3,0
richard seabrook,1,0
rising star games,1,1
rising sun interactive,1,0
rival games ltd,1,0
rob howland,4,0
robtop games,39,10
robot entertainment,35,2
robot gentleman,2,2
robotronic games,5,1
rocket bear games,4,1
"rocketeer games studio, llc",10,6
rockstar games,29,4
rockstar new england,14,4
rockstar north,135,39
rockstar north  toronto,4,2
rockstar san diego,1,0
rockstar studios,23,4
rocksteady studios,41,16
"rocksteady studios,feral interactive (mac)",64,5
rocktastic games,1,0
"rodeo games,twistplay",1,1
rogue factor,3,0
rogue snail,5,0
roll7,2,1
"roll7,general arcade",2,1
ronimo games,86,10
room710games,1,1
rooster teeth games,14,1
rootify,1,0
rovio entertainment ltd,1,1
rsupport inc.,1,1
rubycone,1,1
"rudolf kremers &amp; alex may,tuna",1,0
rune forge,1,1
runic games,55,7
running with scissors,37,23
"s houben,n tailor,a barnett",1,1
s.c. 16 bit nights s.r.l.,4,0
s2 games,6,1
"s2 games, llc",2,0
sandlot,3,0
scs software,80,10
sdenternet,1,0
sega,23,8
"sega studios australia,feral interactive (mac)",1,0
sfb games,4,0
smg studio,3,0
snk corporation,2,1
"snk corporation,dotemu",6,4
strikeworks,2,0
studio radi-8,3,2
superhot team,22,3
saber interactive,3,0
"sachonski,renamilanesi,sith",1,1
sad panda studios,1,0
sakari indie &amp; grin,1,0
sakura river interactive,2,0
sam atlas,1,0
sam barlow,1,0
"sami maaranen (creator),erkka lehmus (co-designer)",1,0
samurai punk,5,1
sandlot games,1,0
sandswept studios,2,1
sapphire dragon productions,0,1
satsu,1,0
sauropod studio,9,1
scarlet string studios,2,0
scary bee llc,0,1
"schine, gmbh",3,2
scirra,0,1
scott cawthon,90,54
screwfly studios,0,1
sebastian nigro,1,0
secret exit ltd.,16,2
section studios,13,3
sector3 studios,9,5
securemix llc,1,0
seethrough studios,1,0
semaphore,2,1
senscape,5,0
"separate game development,dagestan technology",0,1
serellan llc,1,0
serenity forge,1,0
serious brew,1,0
shadow planet productions,0,1
shark punch,1,1
shaunjs,0,1
sherman 3d,1,0
shield break studios,3,0
shifty chair games,1,0
shining gate software,1,0
shining rock software llc,36,11
shiny entertainment,1,0
shiro games,8,2
shiver games,3,2
"shokunin,thomas m. visser,vincent thiele",8,0
shorebound studios,1,0
shortbreak studios s.c.,3,1
shumkov dmitriy,21,7
siege games,1,0
sigma team inc.,2,0
signal studios,1,0
"signal studios,krome studios",2,0
"signal studios,smart ghost",6,1
silesia games sp. z o.o.,0,1
silk games,0,1
silver dollar games,26,3
silver wish games,0,1
"silverlode interactive,wasatch games",0,1
simbin,3,0
simogo,4,1
simon roth,1,0
sionois,1,0
sixteen tons entertainment,3,0
ska studios,3,1
skatanic studios,1,0
sketchy logic,2,0
skobbejak games,1,1
sky drake studios,1,1
"skybox labs,big huge games",11,2
"skybox labs,forgotten empires",2,1
"skybox labs,hidden path entertainment,ensemble studios",55,8
slant six games,1,2
"sledgehammer games,raven software",38,17
sleepy duck,1,0
slightly mad studios,6,0
sluggerfly,1,1
small town studios,0,1
smartly dressed games,429,92
smashgames,29,2
smashball labs llc,0,1
smoking wolf,2,1
smolders,1,0
smudged cat games ltd,2,0
snails animation,1,0
snapshot games inc.,3,1
snoutup,6,3
snowbird games,2,0
snowblind studios,8,1
soccer manager ltd,1,1
social loner studios,1,0
softstar,1,0
"soloweb studios,ravens eye studio",2,0
somasim,1,0
somi,1,0
sonic team,5,1
sorath,4,3
sos,8,1
soul forge,1,0
south east games,12,1
southend,1,0
soviet games,15,0
space boat studios,1,1
space budgie,0,1
"space cat studios,snowflame,back to basics gaming",9,0
spark plug games,1,1
spark unlimited,3,1
"sparpweed,codeglue",4,0
spasman games,9,1
spearhead games,5,0
spectral games,1,0
spicy horse,1,0
spicy tails,2,0
spicyhorse games,2,0
spiderling studios,40,14
spidermonk entertainment,0,2
spiders,1,0
spiderweb software,2,0
"spike chunsoft co., ltd.",1,1
"spike chunsoft co., ltd.,abstraction games",6,2
splash damage,90,23
split polygon,1,0
spooky squid games inc.,2,1
sports interactive,0,1
sproing,1,0
squad,74,13
square enix,66,8
square enix montréal,0,1
"square enix,dotemu sas.",2,0
stage 2 studios,2,0
stainless games,12,1
stainless games ltd,20,2
"standing stone games, llc",11,2
star gem inc.,19,4
star maid games,1,0
star vault ab,3,0
starquail games,1,0
starwraith 3d games llc,1,0
starbreeze,3,1
starbreeze studios ab,25,4
stardock entertainment,10,2
state of play games,1,0
stately snail,2,0
steel monkeys,0,2
stegersaurus software inc.,8,2
"stellar jockeys,gausswerks",2,0
stephenallen,1,0
still running,0,1
stoic,8,1
stolen couch games,1,0
stone blade entertainment,1,0
storybird,1,0
stout games,2,1
straight right,1,1
strange fire,5,1
streum on studio,3,7
stridemann,13,1
strike games,1,1
studio bean,1,1
studio eres,0,1
studio fizbin,3,0
studio pixel,2,0
studio whisky tango inc.,1,0
"studio wildcard,instinct games,efecto studios,virtual basement llc",160,48
studiogiw,1,0
stunlock studios,1,0
stygian software,1,2
subatomic studios llc,1,0
subset games,76,26
subsoap,4,0
subvert games,1,0
sumo digital,13,0
sun-studios,1,0
sundae month,1,0
sunight games,0,2
supervillain studios,5,3
supergiant games,85,5
supra games,1,0
suspicious developments,49,6
svajūnas žemaitis,1,0
sven co-op team,10,3
sweet dog studios,1,0
swing swing submarine,3,0
switchblade monkeys entertainment,4,0
synergy team,12,0
"syrin studios,small impact games",2,0
t3 entertainment,0,1
tb games,8,3
terc,3,0
tml studios,1,1
tml-studios,2,0
"tt fusion,traveller's tales,feral interactive (mac)",4,0
tt games,2,1
"tt games ltd,feral interactive (mac)",6,2
"tt games,traveller's tales",6,0
turbogun,2,0
talawa games,1,0
taleworlds entertainment,105,29
"taleworlds entertainment,flying squirrel entertainment",4,2
tall tail studios,4,2
tamsoft,2,0
tango gameworks,2,4
targem games,1,0
tasharen entertainment inc.,5,0
tasty stewdios llc,1,0
tate multimedia,2,0
team 6 studios,1,3
"team bondi,rockstar leeds",9,2
"team chaos, llc",1,0
team chivalry,3,0
team eleven eleven,3,0
team fractal alligator,6,0
team indev,1,0
team jolly roger,3,1
team meat,29,6
team murder,0,1
"team ninja,koei tecmo games co., ltd.",3,0
team psykskallar,31,30
team reptile,15,0
team17 digital ltd,15,6
team6 game studios b.v.,1,0
techland,77,18
technetium games,0,1
technomancy studios,3,1
teeworlds team,1,0
telltale games,309,64
"tendershoot,a jolly corpse",1,0
tennen-sozai,1,0
teotl studios,0,2
"tequila works, s.l.",11,3
terri vellmann,1,2
terrible posture games,4,0
terry cavanagh,69,31
tesseract interactive,1,0
test3 projects,3,3
teyon,1,0
the astronauts,5,0
the behemoth,166,25
the binary mill,1,0
the chinese room,5,4
the creative assembly,6,4
"the creative assembly,feral interactive (mac)",9,5
"the creative assembly,feral interactive (mac),feral interactive (linux)",34,8
the farm 51,1,3
the game bakers,1,1
the game kitchen,1,0
the glitch factory,1,0
the indie stone,26,7
the men who wear many hats,7,1
the molasses flood,2,0
the odd gentlemen,5,0
"the quinnspiracy,patrick lindsey,isaac schankler",6,8
the sims studio,12,6
the tambourine,1,0
the working parts,2,0
"thekla, inc.",2,0
thomas bowker,12,1
thomas happ games llc,1,0
those awesome guys,1,0
threaks,1,1
three rings,2,1
thunder lotus games,1,0
ticktock games,3,0
tiger style,1,0
tigerish games,3,1
"tilted mill entertainment, inc.",1,0
tim sullivan,2,0
timegate studios,3,0
timesymmetry,0,4
tin man games,2,1
tindalos interactive,3,1
"tlön studios,ilex games",2,1
tomorning productions,1,0
toge productions,2,0
tokyo rpg factory,1,0
tomasz wacławek,2,1
"tomi maarela,elias viglione",8,5
tomoaki sugeno,1,0
tomorrow corporation,21,2
torn banner studios,84,39
totally games,1,1
touz,4,0
tragnarion studios,1,0
transcendent games,4,0
transhuman design,23,0
trapdoor inc.,1,0
trashmasters,3,2
trav nash,1,0
traveller's tales,25,1
"traveller's tales,feral interactive (mac)",10,1
"traveller's tales,tt games,feral interactive (mac)",3,1
travian games gmbh,1,0
treefortress games,2,0
"trek industries, inc",64,27
trendy entertainment,43,3
trerplay,0,2
trese brothers,1,0
treyarch,175,36
triangle studios,2,0
tribe studios,2,2
tribute games inc.,0,2
trickstar games,1,0
trinoteam,0,1
trion worlds,105,14
"trion worlds, inc.",23,6
"triple-star studio,rock path collective",1,0
triple.b.titles,1,0
triplebrick,1,0
tripwire interactive,213,83
triumph studios,1,0
"triumph studios,virtual programming",2,2
triverske,0,1
troika games,3,0
tuesday society,1,0
tuomo laine,1,0
turbo pixel studios,2,0
turbo tape games,0,1
"turtle cream,pokpoong games",2,0
turtle rock studios,50,9
twice circled,1,0
twisted pixel games,1,0
two tribes,7,0
"ty taylor and mario castañeda,the quantum astrophysicists guild",5,0
u-play online,3,1
u.s. army,9,2
"ubiart montpellier,feral interactive (mac)",1,1
uber entertainment,23,3
ubisoft,66,24
ubisoft - san francisco,13,1
ubisoft montpellier,24,7
ubisoft montreal,146,44
"ubisoft montreal, massive entertainment, and ubisoft shanghai",54,20
"ubisoft montreal, red storm, shanghai, toronto, kiev",17,9
"ubisoft paris,red storm entertainment",1,2
"ubisoft quebec, in collaboration with ubisoft annecy, bucharest, kiev, montreal, montpellier, shanghai, singapore, sofia, toronto studios",2,0
ubisoft reflections,1,0
ubisoft romania,1,0
"ubisoft sofia,ubisoft kiev",4,0
ubisoft toronto,15,2
ultra runaway games,1,0
ultravision interactive,1,0
undead labs,46,12
unfinished pixel,2,0
unicorn games studio,1,0
unigine llc.,1,0
united front games,38,5
"united front games,feral interactive (mac)",7,1
united independent entertainment gmbh,2,3
"united independent entertainment gmbh,actalogic",1,0
unknown worlds entertainment,20,5
"upper one games,e-line media",1,1
uppercut games pty ltd,1,0
urban games,1,0
vis - visual imagination software,1,2
vstep,1,1
vae victis games,5,0
vagabond dog,5,2
valve,3885,757
vanguard games,1,0
"vanguard games,343 industries",17,0
varagtp,1,0
varkian empire,2,0
"vblank entertainment, inc.",4,1
"vectorpark, inc.",1,0
vertigo gaming inc.,7,2
very simple idea studios,1,0
vicious cycle software,1,0
"vicious cycle software, inc.",1,1
vigil games,6,1
"ville mönkkönen,anne mönkkönen",1,0
vine,3,0
"virgin interactive entertainment,priitk",1,0
"virtual basement llc,code headquarters llc",5,0
virtual racing industries ltd.,1,0
visceral games,2,0
visual concepts,7,7
"visual concepts,yuke's",3,1
visualartskey,4,2
"viswanath atlu,laurie banks,rohan bhukan,nick burnham,avinash kalapala,yash kapani,katharine marsh,ankur rathore,hardit singh,anoop nihar srinivas,ryan guanyuhao jiang,robert zhu",0,2
vitali kirpu,14,7
vivid games s.a.,1,0
vladimir maslov,1,0
vlambeer,38,16
"vlambeer,croteam",1,0
volition,84,17
volition inc.,2,1
"volition,reactor zero,thq nordic",5,5
volumeup studios,1,0
volumetric games,1,0
vortal storm,4,4
vostok games,16,2
voxler games,1,0
warteam,13,5
"wb games montreal,splash damage",38,7
wolcen studio,1,0
wrf studios,1,0
wzogi,0,1
wales interactive,0,1
walter machado,2,1
wanako games,0,1
warfaresims,1,0
warlock wireless,1,0
wayforward,4,0
"wayforward,abstraction games",4,0
wemade,4,3
weappy studio,2,1
whitemoon dreams,1,0
wholetone games,1,0
wild games studio,4,3
wild shadow studios,89,34
wildtangent,1,0
wildgrass,1,0
windybeard,1,0
winter wolves,3,0
"wisdom tree, inc.",1,0
witch beam,3,0
with the love studios,1,0
wizarbox,4,0
wolfire games,29,5
"world-loom,nitreal",0,1
wube software ltd.,21,5
wyrmbyte,1,2
x-bow software,1,0
x-legend,12,1
"x1 software,awar",1,1
xgen studios,1,0
xlgames,10,0
xyla entertainment,2,1
"xavi canal, ben palgi",2,0
xaviant,6,2
xtal sword,3,1
yfc games,2,0
yacht club games,12,2
yager development,52,16
yakiniku banzai,1,0
yeaboing,0,1
yeti trunk,1,0
young horses,16,3
yume creations,1,0
z4g0 and ivan venturi productions,1,0
zachtronics,10,1
zackbellgames,1,1
zandel media,1,0
zanrai interactive,1,0
zaratustra productions,2,0
"zaxis games,b-evil",1,0
zeboyd games,4,1
zeiva inc,5,1
zen studios,2,0
zenimax online studios,21,3
zero point software,21,1
zero sum games,3,3
zeroscale,1,0
zinertek,1,0
zombie panic team,7,1
zombie studios,0,2
zoo corporation,2,0
zootfly,2,0
"zykov eddy,xitilon",1,0
[onemanband],1,0
app2fun,1,0
b-alive,0,1
b-alive gmbh,1,0
bithuffel,0,1
candyrocketstudio,0,1
d3t,0,1
doublesix,1,0
electrolyte,1,0
erobotan,1,0
exosyphen studios,1,0
"gord10,aslan game studio",1,0
id software,82,23
inxile entertainment,8,0
increpare games,1,1
kchamp games,4,2
kunst-stoff gmbh,1,0
marbenx,10,3
minori,2,1
momostorm entertainment,0,1
nfusion interactive,0,1
neko.works,1,0
ninjalex,2,1
oddonegames,1,1
rdt.32,4,0
souvenir circ.,0,1
sparsevector,7,4
stage-nana,7,1
stillalive studios,2,0
storm_sharks,1,0
the whale husband,7,3
tinybuild,2,1
tobyfox,130,26
treeform,3,0
vikingfabian.com,1,1
webgames,1,0
xxarabonxx,0,1
△○□× (miwashiba),5,0
"インレ,inre",1,1
橘子班,1,0
"高考恋爱委员会,橘子班",1,0
